epoch,time,train/box_loss,train/seg_loss,train/cls_loss,train/dfl_loss,metrics/precision(B),metrics/recall(B),metrics/mAP50(B),metrics/mAP50-95(B),metrics/precision(M),metrics/recall(M),metrics/mAP50(M),metrics/mAP50-95(M),val/box_loss,val/seg_loss,val/cls_loss,val/dfl_loss,lr/pg0,lr/pg1,lr/pg2
1,3.20575,1.42367,5.0335,4.23418,1.65982,0.00588,0.88333,0.14044,0.08412,0.00522,0.78333,0.09627,0.03776,0.77291,5.75557,3.22768,1.21567,5.001e-05,5.001e-05,5.001e-05
2,4.53932,1.25838,4.42269,4.50779,1.54976,0.00689,0.96667,0.33155,0.1983,0.00654,0.9,0.24707,0.09142,0.69553,4.22076,3.15484,1.17958,0.000116112,0.000116112,0.000116112
3,5.94421,1.0281,3.13743,3.577,1.33438,0.00809,1,0.6152,0.33439,0.00801,0.98333,0.57723,0.4133,1.22696,3.58509,3.1672,1.36849,0.000181555,0.000181555,0.000181555
4,7.32536,1.09634,2.49986,3.58941,1.38497,0.0079,1,0.92057,0.55687,0.00782,0.98333,0.86519,0.60455,1.04247,2.63551,2.91214,1.26287,0.000246337,0.000246337,0.000246337
5,8.74211,0.82617,1.69974,2.35135,1.14595,0.00671,1,0.9743,0.74909,0.0066,0.98333,0.89326,0.56553,0.70864,2.5196,2.57622,1.03939,0.000310459,0.000310459,0.000310459
6,10.1389,0.82227,1.71896,2.40412,1.17986,0.00683,1,0.98489,0.74972,0.00565,0.85,0.54777,0.44515,0.73713,4.41049,2.54148,1.06025,0.000373921,0.000373921,0.000373921
7,11.5332,0.76102,1.60048,1.9168,1.05824,0.00941,1,0.90031,0.64459,0.00893,0.96667,0.79588,0.56866,0.84746,4.11644,2.61164,1.13452,0.000436722,0.000436722,0.000436722
8,12.8987,0.72773,1.41909,2.06454,1.04834,1,0.52393,0.89783,0.63577,1,0.52393,0.82237,0.60915,0.89413,3.24509,2.56685,1.14477,0.000498864,0.000498864,0.000498864
9,14.263,0.62131,1.29152,1.93893,1.00589,1,0.43593,0.94234,0.71,1,0.43593,0.85662,0.60196,0.81002,3.02211,2.57292,1.08557,0.000560345,0.000560345,0.000560345
10,15.6499,0.72172,1.4515,1.84084,1.05465,1,0.41173,0.98344,0.75616,1,0.41173,0.95745,0.72054,0.7935,1.97926,2.50153,1.08345,0.000621167,0.000621167,0.000621167
11,17.0352,0.73488,1.31506,2.11353,1.07922,1,0.46564,0.97877,0.73872,1,0.46564,0.97877,0.77364,0.82956,1.44449,2.3348,1.13952,0.000681328,0.000681328,0.000681328
12,18.4228,0.64698,1.10319,1.6503,0.98625,0.96861,0.52728,0.97984,0.79639,0.96861,0.52728,0.97984,0.7805,0.63469,0.88628,2.1257,1.03525,0.000740829,0.000740829,0.000740829
13,19.8182,0.64751,1.06316,1.65503,0.97172,0.93247,0.90622,0.95946,0.77073,0.93247,0.90622,0.95946,0.77386,0.64811,1.0025,1.96195,1.01762,0.00079967,0.00079967,0.00079967
14,21.1838,0.65221,1.13262,1.71913,1.03193,0.82922,0.85294,0.97492,0.74172,0.82922,0.85294,0.98353,0.74144,0.81045,1.07337,1.82724,1.10901,0.000857851,0.000857851,0.000857851
15,22.5611,0.66437,1.23408,1.72621,0.98254,0.69471,0.83038,0.94955,0.71162,0.69471,0.83038,0.94955,0.69126,0.85555,1.36858,1.83174,1.12887,0.000915371,0.000915371,0.000915371
16,23.9168,0.67117,1.13358,1.68759,1.02054,0.69471,0.83038,0.94955,0.71162,0.69471,0.83038,0.94955,0.69126,0.85555,1.36858,1.83174,1.12887,0.000972232,0.000972232,0.000972232
17,25.2904,0.6579,1.19199,1.75401,1.01241,0.74247,0.9908,0.94991,0.79189,0.74247,0.9908,0.94991,0.73627,0.70434,1.24896,1.60935,1.00229,0.00102843,0.00102843,0.00102843
18,26.6632,0.61391,1.03202,1.62824,0.97365,0.99328,0.99527,0.995,0.82571,0.99328,0.99527,0.995,0.79443,0.7213,1.07613,1.21382,1.0324,0.00108397,0.00108397,0.00108397
19,28.0453,0.71195,1.22825,1.76277,1.05603,0.99328,0.99527,0.995,0.82571,0.99328,0.99527,0.995,0.79443,0.7213,1.07613,1.21382,1.0324,0.00113885,0.00113885,0.00113885
20,29.4216,0.64319,0.99894,1.72021,1.01452,0.98742,0.99787,0.995,0.74018,0.98742,0.99787,0.995,0.81635,0.92478,1.01105,1.17822,1.25622,0.00119307,0.00119307,0.00119307
21,30.7912,0.72401,1.18584,1.77694,1.01422,0.9967,0.98208,0.99364,0.79955,0.9967,0.98208,0.99364,0.83169,0.77885,0.9452,1.21725,1.16966,0.00124663,0.00124663,0.00124663
22,32.1531,0.66522,0.93413,1.65781,1.02042,0.9967,0.98208,0.99364,0.79955,0.9967,0.98208,0.99364,0.83169,0.77885,0.9452,1.21725,1.16966,0.00129953,0.00129953,0.00129953
23,33.5252,0.6931,1.20693,1.65514,1.04336,0.99694,0.99697,0.995,0.78462,0.99694,0.99697,0.995,0.82467,0.84615,0.93689,1.15412,1.18394,0.00135177,0.00135177,0.00135177
24,34.9018,0.66637,1.0459,1.49886,0.96513,0.99694,0.99697,0.995,0.78462,0.99694,0.99697,0.995,0.82467,0.84615,0.93689,1.15412,1.18394,0.00140335,0.00140335,0.00140335
25,36.261,0.64329,1.05223,1.75622,1.0342,0.9884,1,0.995,0.81643,0.9884,1,0.995,0.8086,0.71344,1.10307,1.15785,1.04962,0.00145427,0.00145427,0.00145427
26,37.6173,0.64595,1.06507,1.52639,1.00448,0.9884,1,0.995,0.81643,0.9884,1,0.995,0.8086,0.71344,1.10307,1.15785,1.04962,0.00146071,0.00146071,0.00146071
27,38.9938,0.67125,1.01447,1.4739,0.99299,0.98377,0.99335,0.99452,0.79771,0.98377,0.99335,0.99452,0.8329,0.7187,0.80364,1.15996,1.04534,0.00145246,0.00145246,0.00145246
28,40.3448,0.75512,1.44438,1.67174,1.0778,0.98377,0.99335,0.99452,0.79771,0.98377,0.99335,0.99452,0.8329,0.7187,0.80364,1.15996,1.04534,0.00144421,0.00144421,0.00144421
29,41.7028,0.7053,1.20088,1.65883,1.04971,0.92164,1,0.98705,0.82112,0.92164,1,0.98655,0.80915,0.66074,1.00962,1.04498,1.01227,0.00143595,0.00143595,0.00143595
30,43.054,0.65726,1.096,1.42568,0.99621,0.92164,1,0.98705,0.82112,0.92164,1,0.98655,0.80915,0.66074,1.00962,1.04498,1.01227,0.0014277,0.0014277,0.0014277
31,44.4067,0.63669,1.06857,1.48397,0.99367,0.98735,1,0.995,0.80036,0.98735,1,0.995,0.78011,0.7173,1.47323,1.12437,1.04565,0.00141945,0.00141945,0.00141945
32,45.7552,0.64315,1.06096,1.47668,0.97964,0.98735,1,0.995,0.80036,0.98735,1,0.995,0.78011,0.7173,1.47323,1.12437,1.04565,0.0014112,0.0014112,0.0014112
33,47.085,0.71012,1.20516,1.66516,1.05426,0.93703,0.97612,0.995,0.79387,0.93703,0.97612,0.995,0.809,0.69866,1.2406,1.54885,1.03636,0.00140295,0.00140295,0.00140295
34,48.4114,0.6244,1.07849,1.51822,0.98301,0.93703,0.97612,0.995,0.79387,0.93703,0.97612,0.995,0.809,0.69866,1.2406,1.54885,1.03636,0.0013947,0.0013947,0.0013947
35,49.766,0.63425,1.01934,1.35212,0.95005,0.95457,0.91457,0.995,0.86483,0.95457,0.91457,0.995,0.75153,0.58061,1.32135,1.21348,0.92528,0.00138644,0.00138644,0.00138644
36,51.112,0.6109,0.95131,1.32111,0.97533,0.95457,0.91457,0.995,0.86483,0.95457,0.91457,0.995,0.75153,0.58061,1.32135,1.21348,0.92528,0.00137819,0.00137819,0.00137819
37,52.4502,0.6923,1.05614,1.45531,1.03585,0.97398,0.99849,0.995,0.85912,0.97398,0.99849,0.995,0.80679,0.63989,1.17081,0.96303,0.97758,0.00136994,0.00136994,0.00136994
38,53.799,0.5622,0.87279,1.35091,0.95922,0.97398,0.99849,0.995,0.85912,0.97398,0.99849,0.995,0.80679,0.63989,1.17081,0.96303,0.97758,0.00136169,0.00136169,0.00136169
39,55.1658,0.62073,1.00081,1.38653,1.00843,0.98774,1,0.995,0.80206,0.98774,1,0.995,0.83221,0.80247,0.95303,0.99568,1.10353,0.00135344,0.00135344,0.00135344
40,56.5528,0.65752,0.97154,1.27927,1.00977,0.98774,1,0.995,0.80206,0.98774,1,0.995,0.83221,0.80247,0.95303,0.99568,1.10353,0.00134519,0.00134519,0.00134519
41,57.9086,0.63944,0.97749,1.22409,0.96143,0.98014,1,0.9929,0.83843,0.98014,1,0.9929,0.83656,0.67237,0.91152,0.89188,1.01149,0.00133693,0.00133693,0.00133693
42,59.2616,0.6002,0.97295,1.2551,0.98994,0.98014,1,0.9929,0.83843,0.98014,1,0.9929,0.83656,0.67237,0.91152,0.89188,1.01149,0.00132868,0.00132868,0.00132868
43,60.6386,0.63893,1.01608,1.24858,1.01418,0.96211,1,0.99313,0.85731,0.96211,1,0.99313,0.85705,0.638,0.66618,1.00715,0.99919,0.00132043,0.00132043,0.00132043
44,61.9939,0.64736,0.93865,1.30667,1.05537,0.96211,1,0.99313,0.85731,0.96211,1,0.99313,0.85705,0.638,0.66618,1.00715,0.99919,0.00131218,0.00131218,0.00131218
45,63.3565,0.61268,0.78817,1.18475,0.95585,0.99689,1,0.995,0.86685,0.99689,1,0.995,0.88634,0.62663,0.58541,0.81855,0.98178,0.00130393,0.00130393,0.00130393
46,64.677,0.57494,0.83693,1.38955,0.98502,0.99689,1,0.995,0.86685,0.99689,1,0.995,0.88634,0.62663,0.58541,0.81855,0.98178,0.00129568,0.00129568,0.00129568
47,66.0481,0.61498,0.86984,1.1698,0.94372,0.9931,1,0.995,0.85561,0.9931,1,0.995,0.87606,0.64274,0.624,0.78688,0.97575,0.00128742,0.00128742,0.00128742
48,67.3825,0.61115,1.02027,1.2596,0.96167,0.9931,1,0.995,0.85561,0.9931,1,0.995,0.87606,0.64274,0.624,0.78688,0.97575,0.00127917,0.00127917,0.00127917
49,68.7362,0.56098,0.85729,1.17838,0.96685,0.99626,1,0.995,0.87807,0.99626,1,0.995,0.88217,0.58639,0.6119,0.75048,0.92801,0.00127092,0.00127092,0.00127092
50,70.0825,0.61234,0.92767,1.19886,0.98216,0.99626,1,0.995,0.87807,0.99626,1,0.995,0.88217,0.58639,0.6119,0.75048,0.92801,0.00126267,0.00126267,0.00126267
51,71.4415,0.58858,0.90722,1.16356,0.97016,0.99719,1,0.995,0.87008,0.99719,1,0.995,0.87784,0.56294,0.59083,0.7966,0.90956,0.00125442,0.00125442,0.00125442
52,72.7792,0.58547,0.86172,1.1057,0.94833,0.99719,1,0.995,0.87008,0.99719,1,0.995,0.87784,0.56294,0.59083,0.7966,0.90956,0.00124617,0.00124617,0.00124617
53,74.1132,0.53424,0.88798,1.01741,0.92136,0.99559,1,0.995,0.87084,0.99559,1,0.995,0.8557,0.51749,0.68449,0.86588,0.90865,0.00123791,0.00123791,0.00123791
54,75.4349,0.58305,1.04931,1.25605,0.94892,0.99559,1,0.995,0.87084,0.99559,1,0.995,0.8557,0.51749,0.68449,0.86588,0.90865,0.00122966,0.00122966,0.00122966
55,76.7653,0.61261,0.9319,1.18609,1.02532,0.99739,1,0.995,0.83994,0.99739,1,0.995,0.87551,0.64396,0.6854,0.76222,0.95823,0.00122141,0.00122141,0.00122141
56,78.0854,0.6128,0.95516,1.17455,0.97285,0.99739,1,0.995,0.83994,0.99739,1,0.995,0.87551,0.64396,0.6854,0.76222,0.95823,0.00121316,0.00121316,0.00121316
57,79.4213,0.60441,0.926,1.12648,0.96369,0.99477,1,0.995,0.85583,0.99477,1,0.995,0.88179,0.58244,0.62439,0.70087,0.93052,0.00120491,0.00120491,0.00120491
58,80.7529,0.52384,0.83306,1.14668,0.96153,0.99477,1,0.995,0.85583,0.99477,1,0.995,0.88179,0.58244,0.62439,0.70087,0.93052,0.00119666,0.00119666,0.00119666
59,82.0997,0.57845,0.87513,1.04796,0.95387,0.99454,1,0.995,0.89985,0.99454,1,0.995,0.90056,0.45867,0.57616,0.65969,0.88045,0.0011884,0.0011884,0.0011884
60,83.4572,0.5397,0.69208,0.98716,0.91881,0.99454,1,0.995,0.89985,0.99454,1,0.995,0.90056,0.45867,0.57616,0.65969,0.88045,0.00118015,0.00118015,0.00118015
61,84.8278,0.63023,0.86774,1.06407,0.98366,0.99468,1,0.995,0.85039,0.99468,1,0.995,0.89047,0.64861,0.54072,0.72012,0.99573,0.0011719,0.0011719,0.0011719
62,86.1586,0.57934,0.88889,1.00403,0.93094,0.99468,1,0.995,0.85039,0.99468,1,0.995,0.89047,0.64861,0.54072,0.72012,0.99573,0.00116365,0.00116365,0.00116365
63,87.4689,0.53231,0.89091,1.12045,0.95193,0.99631,1,0.995,0.83007,0.99631,1,0.995,0.90377,0.71881,0.53359,0.77912,1.05334,0.0011554,0.0011554,0.0011554
64,88.7962,0.55309,0.90466,1.01169,0.92838,0.99631,1,0.995,0.83007,0.99631,1,0.995,0.90377,0.71881,0.53359,0.77912,1.05334,0.00114715,0.00114715,0.00114715
65,90.1199,0.53368,0.95869,1.10146,0.95299,0.99697,1,0.995,0.81289,0.99697,1,0.995,0.89215,0.7362,0.5664,0.79594,1.08564,0.00113889,0.00113889,0.00113889
66,91.4553,0.52603,0.80784,0.92168,0.93111,0.99697,1,0.995,0.81289,0.99697,1,0.995,0.89215,0.7362,0.5664,0.79594,1.08564,0.00113064,0.00113064,0.00113064
67,92.7769,0.57183,0.88064,1.01566,0.98085,0.99538,1,0.995,0.81728,0.99538,1,0.995,0.87107,0.7527,0.51185,0.7449,1.10807,0.00112239,0.00112239,0.00112239
68,94.093,0.55885,0.79447,0.94801,0.91231,0.99538,1,0.995,0.81728,0.99538,1,0.995,0.87107,0.7527,0.51185,0.7449,1.10807,0.00111414,0.00111414,0.00111414
69,95.4115,0.66218,1.0546,1.15384,1.03034,0.99553,1,0.995,0.89221,0.99553,1,0.995,0.87971,0.50224,0.54117,0.63535,0.89472,0.00110589,0.00110589,0.00110589
70,96.7149,0.6182,1.0137,1.07075,0.98759,0.99553,1,0.995,0.89221,0.99553,1,0.995,0.87971,0.50224,0.54117,0.63535,0.89472,0.00109764,0.00109764,0.00109764
71,98.044,0.52743,0.73423,0.93856,0.94727,0.99705,1,0.995,0.88577,0.99705,1,0.995,0.90247,0.513,0.52691,0.64028,0.89626,0.00108938,0.00108938,0.00108938
72,99.3666,0.63899,0.93873,1.11247,0.99521,0.99705,1,0.995,0.88577,0.99705,1,0.995,0.90247,0.513,0.52691,0.64028,0.89626,0.00108113,0.00108113,0.00108113
73,100.708,0.56248,0.85205,1.0278,0.95713,0.99701,1,0.995,0.8324,0.99701,1,0.995,0.90177,0.70662,0.50421,0.69878,0.97281,0.00107288,0.00107288,0.00107288
74,102.009,0.57719,0.78293,1.08025,0.97373,0.99701,1,0.995,0.8324,0.99701,1,0.995,0.90177,0.70662,0.50421,0.69878,0.97281,0.00106463,0.00106463,0.00106463
75,103.336,0.57026,0.81211,0.9775,0.95411,0.99679,1,0.995,0.85709,0.99679,1,0.995,0.89365,0.60649,0.55916,0.67082,0.9218,0.00105638,0.00105638,0.00105638
76,104.664,0.51776,0.84079,0.93148,0.93409,0.99679,1,0.995,0.85709,0.99679,1,0.995,0.89365,0.60649,0.55916,0.67082,0.9218,0.00104813,0.00104813,0.00104813
77,106.012,0.51296,0.73409,0.88243,0.91512,0.99652,1,0.995,0.91242,0.99652,1,0.995,0.86987,0.45449,0.61481,0.6149,0.87561,0.00103987,0.00103987,0.00103987
78,107.345,0.4764,0.71477,0.85403,0.89609,0.99652,1,0.995,0.91242,0.99652,1,0.995,0.86987,0.45449,0.61481,0.6149,0.87561,0.00103162,0.00103162,0.00103162
79,108.682,0.54626,0.83349,0.91426,0.91785,0.99674,1,0.995,0.91871,0.99674,1,0.995,0.87637,0.432,0.52848,0.59363,0.87417,0.00102337,0.00102337,0.00102337
80,110.006,0.55473,0.89449,0.91678,0.96779,0.99674,1,0.995,0.91871,0.99674,1,0.995,0.87637,0.432,0.52848,0.59363,0.87417,0.00101512,0.00101512,0.00101512
81,111.342,0.5137,0.74274,0.83729,0.90095,0.99742,1,0.995,0.88872,0.99742,1,0.995,0.88481,0.52506,0.48899,0.61756,0.90916,0.00100687,0.00100687,0.00100687
82,112.664,0.50533,0.80117,0.84408,0.91355,0.99742,1,0.995,0.88872,0.99742,1,0.995,0.88481,0.52506,0.48899,0.61756,0.90916,0.000998616,0.000998616,0.000998616
83,114.007,0.51028,0.78845,0.86712,0.93794,0.99754,1,0.995,0.85464,0.99754,1,0.995,0.87365,0.61242,0.50078,0.63414,0.95937,0.000990365,0.000990365,0.000990365
84,115.362,0.57722,0.7948,0.9347,0.95799,0.99754,1,0.995,0.85464,0.99754,1,0.995,0.87365,0.61242,0.50078,0.63414,0.95937,0.000982113,0.000982113,0.000982113
85,116.68,0.56768,0.83291,0.91826,0.97422,0.99644,1,0.995,0.8975,0.99644,1,0.995,0.87328,0.48037,0.55787,0.59702,0.90126,0.000973861,0.000973861,0.000973861
86,117.998,0.50873,0.79445,0.81732,0.90873,0.99644,1,0.995,0.8975,0.99644,1,0.995,0.87328,0.48037,0.55787,0.59702,0.90126,0.00096561,0.00096561,0.00096561
87,119.321,0.50925,0.91492,0.83497,0.9096,0.99415,1,0.995,0.92264,0.99415,1,0.995,0.87442,0.43173,0.52856,0.60811,0.87617,0.000957358,0.000957358,0.000957358
88,120.65,0.52819,0.75657,0.85656,0.95725,0.99415,1,0.995,0.92264,0.99415,1,0.995,0.87442,0.43173,0.52856,0.60811,0.87617,0.000949106,0.000949106,0.000949106
89,121.972,0.54026,0.92444,0.92323,0.9426,0.99431,1,0.995,0.89826,0.99431,1,0.995,0.89064,0.48756,0.49431,0.61365,0.88722,0.000940855,0.000940855,0.000940855
90,123.284,0.4869,0.82552,0.89674,0.9283,0.99431,1,0.995,0.89826,0.99431,1,0.995,0.89064,0.48756,0.49431,0.61365,0.88722,0.000932603,0.000932603,0.000932603
91,124.604,0.52731,0.82346,0.92017,0.9677,0.99614,1,0.995,0.89952,0.99614,1,0.995,0.91246,0.48143,0.48938,0.59715,0.8853,0.000924352,0.000924352,0.000924352
92,125.949,0.50229,0.81221,0.83463,0.90884,0.99614,1,0.995,0.89952,0.99614,1,0.995,0.91246,0.48143,0.48938,0.59715,0.8853,0.0009161,0.0009161,0.0009161
93,127.298,0.47806,0.80778,0.80061,0.88938,0.99804,1,0.995,0.91891,0.99804,1,0.995,0.89049,0.39907,0.5778,0.53672,0.8589,0.000907848,0.000907848,0.000907848
94,128.621,0.49953,0.73068,0.76007,0.88805,0.99804,1,0.995,0.91891,0.99804,1,0.995,0.89049,0.39907,0.5778,0.53672,0.8589,0.000899597,0.000899597,0.000899597
95,129.964,0.49215,0.71811,0.82163,0.92045,0.9974,1,0.995,0.93051,0.9974,1,0.995,0.89565,0.4022,0.58784,0.51668,0.85724,0.000891345,0.000891345,0.000891345
96,131.285,0.49155,0.88489,0.8813,0.95897,0.9974,1,0.995,0.93051,0.9974,1,0.995,0.89565,0.4022,0.58784,0.51668,0.85724,0.000883093,0.000883093,0.000883093
97,132.621,0.43965,0.78094,0.77075,0.8865,0.99806,1,0.995,0.9131,0.99806,1,0.995,0.91526,0.43695,0.49071,0.53514,0.86441,0.000874842,0.000874842,0.000874842
98,133.964,0.47596,0.69105,0.75238,0.89388,0.99806,1,0.995,0.9131,0.99806,1,0.995,0.91526,0.43695,0.49071,0.53514,0.86441,0.00086659,0.00086659,0.00086659
99,135.296,0.52549,0.86071,0.86585,0.94379,0.99696,1,0.995,0.91535,0.99696,1,0.995,0.90431,0.41527,0.4647,0.53874,0.85728,0.000858338,0.000858338,0.000858338
100,136.641,0.45508,0.77957,0.70618,0.8597,0.99696,1,0.995,0.91535,0.99696,1,0.995,0.90431,0.41527,0.4647,0.53874,0.85728,0.000850087,0.000850087,0.000850087
101,137.993,0.46073,0.75184,0.68247,0.8791,0.99717,1,0.995,0.92079,0.99717,1,0.995,0.88968,0.41857,0.49235,0.53438,0.85749,0.000841835,0.000841835,0.000841835
102,139.325,0.44657,0.69008,0.75731,0.88442,0.99717,1,0.995,0.92079,0.99717,1,0.995,0.88968,0.41857,0.49235,0.53438,0.85749,0.000833583,0.000833583,0.000833583
103,140.657,0.51181,0.83715,0.7982,0.92175,0.99787,1,0.995,0.93098,0.99787,1,0.995,0.89473,0.38286,0.48982,0.52426,0.84517,0.000825332,0.000825332,0.000825332
104,141.99,0.45929,0.75891,0.77071,0.89089,0.99787,1,0.995,0.93098,0.99787,1,0.995,0.89473,0.38286,0.48982,0.52426,0.84517,0.00081708,0.00081708,0.00081708
105,143.314,0.46223,0.74554,0.77503,0.91247,0.99785,1,0.995,0.9406,0.99785,1,0.995,0.90377,0.382,0.48919,0.50884,0.84704,0.000808828,0.000808828,0.000808828
106,144.664,0.43234,0.73901,0.68285,0.88864,0.99785,1,0.995,0.9406,0.99785,1,0.995,0.90377,0.382,0.48919,0.50884,0.84704,0.000800577,0.000800577,0.000800577
107,146.012,0.45591,0.78699,0.75301,0.9175,0.99755,1,0.995,0.91361,0.99755,1,0.995,0.90075,0.43168,0.51005,0.51086,0.86411,0.000792325,0.000792325,0.000792325
108,147.329,0.50117,0.79968,0.78733,0.93406,0.99755,1,0.995,0.91361,0.99755,1,0.995,0.90075,0.43168,0.51005,0.51086,0.86411,0.000784073,0.000784073,0.000784073
109,148.679,0.48819,0.78978,0.75474,0.92012,0.99727,1,0.995,0.89973,0.99727,1,0.995,0.91716,0.44754,0.48956,0.51785,0.8727,0.000775822,0.000775822,0.000775822
110,150.005,0.44394,0.71836,0.70788,0.89146,0.99727,1,0.995,0.89973,0.99727,1,0.995,0.91716,0.44754,0.48956,0.51785,0.8727,0.00076757,0.00076757,0.00076757
111,151.327,0.46046,0.71386,0.75577,0.88123,0.9973,1,0.995,0.90118,0.9973,1,0.995,0.91707,0.43764,0.4829,0.50742,0.86737,0.000759318,0.000759318,0.000759318
112,152.645,0.41038,0.73169,0.6736,0.89506,0.9973,1,0.995,0.90118,0.9973,1,0.995,0.91707,0.43764,0.4829,0.50742,0.86737,0.000751067,0.000751067,0.000751067
113,153.978,0.45952,0.68047,0.68975,0.91631,0.99742,1,0.995,0.90757,0.99742,1,0.995,0.92067,0.39695,0.46376,0.48556,0.85121,0.000742815,0.000742815,0.000742815
114,155.291,0.40223,0.66661,0.70834,0.9078,0.99742,1,0.995,0.90757,0.99742,1,0.995,0.92067,0.39695,0.46376,0.48556,0.85121,0.000734564,0.000734564,0.000734564
115,156.626,0.45636,0.67354,0.70199,0.9242,0.99823,1,0.995,0.93293,0.99823,1,0.995,0.91346,0.36605,0.45799,0.46561,0.84039,0.000726312,0.000726312,0.000726312
116,157.952,0.48582,0.86289,0.81081,0.92118,0.99823,1,0.995,0.93293,0.99823,1,0.995,0.91346,0.36605,0.45799,0.46561,0.84039,0.00071806,0.00071806,0.00071806
117,159.304,0.4237,0.67665,0.6935,0.89546,0.99819,1,0.995,0.93906,0.99819,1,0.995,0.92223,0.36765,0.44548,0.45506,0.8394,0.000709809,0.000709809,0.000709809
118,160.636,0.43724,0.79633,0.68632,0.90393,0.99819,1,0.995,0.93906,0.99819,1,0.995,0.92223,0.36765,0.44548,0.45506,0.8394,0.000701557,0.000701557,0.000701557
119,161.982,0.47123,0.77256,0.75188,0.92185,0.99797,1,0.995,0.92991,0.99797,1,0.995,0.91429,0.3754,0.44738,0.45698,0.8425,0.000693305,0.000693305,0.000693305
120,163.303,0.4607,0.66186,0.6864,0.90236,0.99797,1,0.995,0.92991,0.99797,1,0.995,0.91429,0.3754,0.44738,0.45698,0.8425,0.000685054,0.000685054,0.000685054
121,164.633,0.49096,0.81111,0.80082,0.93738,0.99808,1,0.995,0.92377,0.99808,1,0.995,0.91197,0.40321,0.4541,0.45471,0.85241,0.000676802,0.000676802,0.000676802
122,165.976,0.38494,0.62247,0.627,0.86648,0.99808,1,0.995,0.92377,0.99808,1,0.995,0.91197,0.40321,0.4541,0.45471,0.85241,0.00066855,0.00066855,0.00066855
123,167.302,0.46054,0.72408,0.67793,0.9199,0.99776,1,0.995,0.91985,0.99776,1,0.995,0.90709,0.41827,0.4484,0.44625,0.85979,0.000660299,0.000660299,0.000660299
124,168.617,0.48597,0.74122,0.67892,0.91175,0.99776,1,0.995,0.91985,0.99776,1,0.995,0.90709,0.41827,0.4484,0.44625,0.85979,0.000652047,0.000652047,0.000652047
125,169.94,0.44214,0.71427,0.65972,0.88176,0.99718,1,0.995,0.91507,0.99718,1,0.995,0.9098,0.38449,0.44695,0.47353,0.84886,0.000643795,0.000643795,0.000643795
126,171.252,0.49477,0.77377,0.71932,0.90777,0.99718,1,0.995,0.91507,0.99718,1,0.995,0.9098,0.38449,0.44695,0.47353,0.84886,0.000635544,0.000635544,0.000635544
127,172.582,0.43986,0.64319,0.69135,0.89148,0.99684,1,0.995,0.92995,0.99684,1,0.995,0.90877,0.36854,0.44874,0.48469,0.84664,0.000627292,0.000627292,0.000627292
128,173.924,0.38861,0.61523,0.58488,0.86287,0.99684,1,0.995,0.92995,0.99684,1,0.995,0.90877,0.36854,0.44874,0.48469,0.84664,0.00061904,0.00061904,0.00061904
129,175.267,0.43507,0.64743,0.62368,0.8809,0.99706,1,0.995,0.92139,0.99706,1,0.995,0.91542,0.41739,0.44324,0.48283,0.86058,0.000610789,0.000610789,0.000610789
130,176.597,0.38771,0.56597,0.57143,0.84946,0.99706,1,0.995,0.92139,0.99706,1,0.995,0.91542,0.41739,0.44324,0.48283,0.86058,0.000602537,0.000602537,0.000602537
131,177.926,0.53871,0.80859,0.74548,0.93693,0.99711,1,0.995,0.90912,0.99711,1,0.995,0.91145,0.45351,0.42334,0.46609,0.86968,0.000594286,0.000594286,0.000594286
132,179.246,0.40557,0.71652,0.64746,0.88767,0.99711,1,0.995,0.90912,0.99711,1,0.995,0.91145,0.45351,0.42334,0.46609,0.86968,0.000586034,0.000586034,0.000586034
133,180.57,0.42225,0.75203,0.66621,0.87519,0.99749,1,0.995,0.91773,0.99749,1,0.995,0.90744,0.41076,0.44245,0.43552,0.85525,0.000577782,0.000577782,0.000577782
134,181.895,0.44265,0.75663,0.73093,0.87908,0.99749,1,0.995,0.91773,0.99749,1,0.995,0.90744,0.41076,0.44245,0.43552,0.85525,0.000569531,0.000569531,0.000569531
135,183.216,0.43994,0.7707,0.69379,0.87472,0.99767,1,0.995,0.92134,0.99767,1,0.995,0.9113,0.38319,0.45132,0.42028,0.8453,0.000561279,0.000561279,0.000561279
136,184.525,0.46232,0.69604,0.67154,0.89181,0.99767,1,0.995,0.92134,0.99767,1,0.995,0.9113,0.38319,0.45132,0.42028,0.8453,0.000553027,0.000553027,0.000553027
137,185.862,0.43327,0.67445,0.63617,0.87737,0.99779,1,0.995,0.92085,0.99779,1,0.995,0.91012,0.38732,0.44135,0.4132,0.8425,0.000544776,0.000544776,0.000544776
138,187.185,0.39802,0.67151,0.60323,0.85041,0.99779,1,0.995,0.92085,0.99779,1,0.995,0.91012,0.38732,0.44135,0.4132,0.8425,0.000536524,0.000536524,0.000536524
139,188.535,0.43389,0.73149,0.60221,0.89067,0.99738,1,0.995,0.91165,0.99738,1,0.995,0.90986,0.40714,0.43605,0.408,0.84985,0.000528272,0.000528272,0.000528272
140,189.848,0.43676,0.66782,0.66707,0.89977,0.99738,1,0.995,0.91165,0.99738,1,0.995,0.90986,0.40714,0.43605,0.408,0.84985,0.000520021,0.000520021,0.000520021
141,191.175,0.41044,0.62279,0.67336,0.8944,0.99657,1,0.995,0.94044,0.99657,1,0.995,0.9221,0.36001,0.43516,0.38963,0.83786,0.000511769,0.000511769,0.000511769
142,192.525,0.40316,0.67535,0.61217,0.88812,0.99657,1,0.995,0.94044,0.99657,1,0.995,0.9221,0.36001,0.43516,0.38963,0.83786,0.000503517,0.000503517,0.000503517
143,193.867,0.42497,0.79597,0.6637,0.89166,0.99629,1,0.995,0.94859,0.99629,1,0.995,0.9117,0.33005,0.44659,0.36764,0.82987,0.000495266,0.000495266,0.000495266
144,195.192,0.41914,0.69189,0.61883,0.87009,0.99629,1,0.995,0.94859,0.99629,1,0.995,0.9117,0.33005,0.44659,0.36764,0.82987,0.000487014,0.000487014,0.000487014
145,196.517,0.41383,0.66238,0.63304,0.86311,0.99632,1,0.995,0.94315,0.99632,1,0.995,0.91686,0.34056,0.43979,0.35612,0.83188,0.000478762,0.000478762,0.000478762
146,197.857,0.44637,0.66318,0.59657,0.87365,0.99632,1,0.995,0.94315,0.99632,1,0.995,0.91686,0.34056,0.43979,0.35612,0.83188,0.000470511,0.000470511,0.000470511
147,199.188,0.39956,0.63804,0.56028,0.84866,0.99615,1,0.995,0.93966,0.99615,1,0.995,0.91554,0.35364,0.42317,0.35273,0.83396,0.000462259,0.000462259,0.000462259
148,200.53,0.37405,0.61129,0.55634,0.84557,0.99615,1,0.995,0.93966,0.99615,1,0.995,0.91554,0.35364,0.42317,0.35273,0.83396,0.000454007,0.000454007,0.000454007
149,201.86,0.34289,0.66492,0.56984,0.84093,0.99603,1,0.995,0.94394,0.99603,1,0.995,0.92214,0.34504,0.41616,0.34102,0.83211,0.000445756,0.000445756,0.000445756
150,203.197,0.3648,0.56359,0.58693,0.8675,0.99603,1,0.995,0.94394,0.99603,1,0.995,0.92214,0.34504,0.41616,0.34102,0.83211,0.000437504,0.000437504,0.000437504
151,204.556,0.3985,0.61214,0.53877,0.87312,0.9962,1,0.995,0.95141,0.9962,1,0.995,0.92771,0.31255,0.42346,0.32308,0.82774,0.000429253,0.000429253,0.000429253
152,205.882,0.39776,0.64669,0.61762,0.89072,0.9962,1,0.995,0.95141,0.9962,1,0.995,0.92771,0.31255,0.42346,0.32308,0.82774,0.000421001,0.000421001,0.000421001
153,207.22,0.38233,0.61203,0.5888,0.86332,0.99715,1,0.995,0.94929,0.99715,1,0.995,0.92669,0.31613,0.41881,0.32078,0.82761,0.000412749,0.000412749,0.000412749
154,208.535,0.39354,0.68236,0.6576,0.8637,0.99715,1,0.995,0.94929,0.99715,1,0.995,0.92669,0.31613,0.41881,0.32078,0.82761,0.000404498,0.000404498,0.000404498
155,209.875,0.42516,0.72616,0.58949,0.8838,0.9978,1,0.995,0.93424,0.9978,1,0.995,0.92393,0.34387,0.39804,0.32226,0.83399,0.000396246,0.000396246,0.000396246
156,211.203,0.34745,0.59212,0.5922,0.85229,0.9978,1,0.995,0.93424,0.9978,1,0.995,0.92393,0.34387,0.39804,0.32226,0.83399,0.000387994,0.000387994,0.000387994
157,212.52,0.39793,0.68316,0.64478,0.8801,0.9981,1,0.995,0.94805,0.9981,1,0.995,0.9112,0.34418,0.4007,0.31539,0.83277,0.000379743,0.000379743,0.000379743
158,213.825,0.41445,0.73241,0.63268,0.88151,0.9981,1,0.995,0.94805,0.9981,1,0.995,0.9112,0.34418,0.4007,0.31539,0.83277,0.000371491,0.000371491,0.000371491
159,215.14,0.39652,0.67291,0.58685,0.87318,0.99802,1,0.995,0.95421,0.99802,1,0.995,0.90817,0.31733,0.41109,0.31203,0.82552,0.000363239,0.000363239,0.000363239
160,216.464,0.36559,0.68764,0.55254,0.8635,0.99802,1,0.995,0.95421,0.99802,1,0.995,0.90817,0.31733,0.41109,0.31203,0.82552,0.000354988,0.000354988,0.000354988
161,217.796,0.38967,0.59304,0.57261,0.88671,0.99755,1,0.995,0.94942,0.99755,1,0.995,0.89766,0.29953,0.40368,0.31516,0.82721,0.000346736,0.000346736,0.000346736
162,219.108,0.38139,0.60478,0.57846,0.86827,0.99755,1,0.995,0.94942,0.99755,1,0.995,0.89766,0.29953,0.40368,0.31516,0.82721,0.000338484,0.000338484,0.000338484
163,220.432,0.33872,0.58157,0.57032,0.84176,0.997,1,0.995,0.95283,0.997,1,0.995,0.91855,0.3084,0.4162,0.31545,0.82735,0.000330233,0.000330233,0.000330233
164,221.764,0.36011,0.57324,0.55572,0.83117,0.997,1,0.995,0.95283,0.997,1,0.995,0.91855,0.3084,0.4162,0.31545,0.82735,0.000321981,0.000321981,0.000321981
165,223.077,0.38217,0.66728,0.5864,0.90819,0.9969,1,0.995,0.95172,0.9969,1,0.995,0.91297,0.31236,0.42451,0.31331,0.82389,0.000313729,0.000313729,0.000313729
166,224.416,0.38657,0.66116,0.55851,0.86915,0.9969,1,0.995,0.95172,0.9969,1,0.995,0.91297,0.31236,0.42451,0.31331,0.82389,0.000305478,0.000305478,0.000305478
167,225.755,0.36951,0.69943,0.57011,0.85598,0.99683,1,0.995,0.95117,0.99683,1,0.995,0.92162,0.31784,0.40986,0.30881,0.82578,0.000297226,0.000297226,0.000297226
168,227.088,0.34991,0.51758,0.5317,0.86789,0.99683,1,0.995,0.95117,0.99683,1,0.995,0.92162,0.31784,0.40986,0.30881,0.82578,0.000288974,0.000288974,0.000288974
169,228.428,0.40469,0.68895,0.57225,0.88737,0.99703,1,0.995,0.95553,0.99703,1,0.995,0.91544,0.31276,0.40404,0.30155,0.82615,0.000280723,0.000280723,0.000280723
170,229.75,0.3532,0.58651,0.55817,0.88895,0.99703,1,0.995,0.95553,0.99703,1,0.995,0.91544,0.31276,0.40404,0.30155,0.82615,0.000272471,0.000272471,0.000272471
171,231.086,0.36508,0.61522,0.5296,0.85689,0.99754,1,0.995,0.96518,0.99754,1,0.995,0.90493,0.28607,0.40324,0.2938,0.81945,0.00026422,0.00026422,0.00026422
172,232.39,0.39807,0.67881,0.57549,0.88907,0.99754,1,0.995,0.96518,0.99754,1,0.995,0.90493,0.28607,0.40324,0.2938,0.81945,0.000255968,0.000255968,0.000255968
173,233.703,0.34496,0.58188,0.52666,0.84432,0.99778,1,0.995,0.96558,0.99778,1,0.995,0.91168,0.27733,0.40087,0.29221,0.8162,0.000247716,0.000247716,0.000247716
174,235.04,0.36226,0.57827,0.48365,0.83306,0.99778,1,0.995,0.96558,0.99778,1,0.995,0.91168,0.27733,0.40087,0.29221,0.8162,0.000239465,0.000239465,0.000239465
175,236.349,0.36221,0.62186,0.61156,0.86411,0.9977,1,0.995,0.95256,0.9977,1,0.995,0.91909,0.28565,0.39856,0.2913,0.81789,0.000231213,0.000231213,0.000231213
176,237.68,0.39619,0.61869,0.54767,0.8876,0.9977,1,0.995,0.95256,0.9977,1,0.995,0.91909,0.28565,0.39856,0.2913,0.81789,0.000222961,0.000222961,0.000222961
177,239.002,0.38469,0.66598,0.57434,0.8746,0.99753,1,0.995,0.94946,0.99753,1,0.995,0.91264,0.3037,0.39363,0.29363,0.82214,0.00021471,0.00021471,0.00021471
178,240.306,0.39161,0.63886,0.57095,0.87102,0.99753,1,0.995,0.94946,0.99753,1,0.995,0.91264,0.3037,0.39363,0.29363,0.82214,0.000206458,0.000206458,0.000206458
179,241.631,0.36408,0.55466,0.50759,0.86065,0.99734,1,0.995,0.94619,0.99734,1,0.995,0.92739,0.32775,0.3957,0.29683,0.82787,0.000198206,0.000198206,0.000198206
180,242.935,0.38514,0.59932,0.5697,0.86088,0.99734,1,0.995,0.94619,0.99734,1,0.995,0.92739,0.32775,0.3957,0.29683,0.82787,0.000189955,0.000189955,0.000189955
181,244.249,0.34482,0.57664,0.52427,0.87827,0.99697,1,0.995,0.95138,0.99697,1,0.995,0.93171,0.32909,0.40308,0.29765,0.82847,0.000181703,0.000181703,0.000181703
182,245.575,0.36748,0.59394,0.5136,0.84326,0.99697,1,0.995,0.95138,0.99697,1,0.995,0.93171,0.32909,0.40308,0.29765,0.82847,0.000173451,0.000173451,0.000173451
183,246.925,0.3673,0.59417,0.52853,0.86699,0.99685,1,0.995,0.94906,0.99685,1,0.995,0.92547,0.31177,0.412,0.29199,0.82463,0.0001652,0.0001652,0.0001652
184,248.243,0.36422,0.59116,0.53764,0.88547,0.99685,1,0.995,0.94906,0.99685,1,0.995,0.92547,0.31177,0.412,0.29199,0.82463,0.000156948,0.000156948,0.000156948
185,249.575,0.31949,0.51677,0.46102,0.82972,0.99681,1,0.995,0.95215,0.99681,1,0.995,0.91599,0.29329,0.41149,0.2837,0.82025,0.000148696,0.000148696,0.000148696
186,250.895,0.33967,0.53649,0.51931,0.86145,0.99681,1,0.995,0.95215,0.99681,1,0.995,0.91599,0.29329,0.41149,0.2837,0.82025,0.000140445,0.000140445,0.000140445
187,252.235,0.36929,0.65217,0.52664,0.869,0.99683,1,0.995,0.96509,0.99683,1,0.995,0.92304,0.28544,0.40413,0.28022,0.81869,0.000132193,0.000132193,0.000132193
188,253.572,0.36287,0.58634,0.53515,0.83694,0.99683,1,0.995,0.96509,0.99683,1,0.995,0.92304,0.28544,0.40413,0.28022,0.81869,0.000123941,0.000123941,0.000123941
189,254.915,0.41039,0.64495,0.57313,0.89762,0.99698,1,0.995,0.95106,0.99698,1,0.995,0.92635,0.29024,0.39351,0.28124,0.82019,0.00011569,0.00011569,0.00011569
190,256.245,0.34666,0.61133,0.51721,0.86658,0.99698,1,0.995,0.95106,0.99698,1,0.995,0.92635,0.29024,0.39351,0.28124,0.82019,0.000107438,0.000107438,0.000107438
191,258.098,0.31298,0.51669,0.71668,0.83223,0.99707,1,0.995,0.95264,0.99707,1,0.995,0.93099,0.30513,0.38495,0.28332,0.82377,9.91865e-05,9.91865e-05,9.91865e-05
192,259.376,0.31828,0.50061,0.71954,0.846,0.99707,1,0.995,0.95264,0.99707,1,0.995,0.93099,0.30513,0.38495,0.28332,0.82377,9.09349e-05,9.09349e-05,9.09349e-05
193,260.67,0.28223,0.50244,0.6986,0.82764,0.99687,1,0.995,0.95526,0.99687,1,0.995,0.92682,0.31454,0.381,0.28714,0.82677,8.26832e-05,8.26832e-05,8.26832e-05
194,261.936,0.31469,0.47177,0.69503,0.81542,0.99687,1,0.995,0.95526,0.99687,1,0.995,0.92682,0.31454,0.381,0.28714,0.82677,7.44316e-05,7.44316e-05,7.44316e-05
195,263.213,0.29103,0.49268,0.68137,0.8539,0.99682,1,0.995,0.95532,0.99682,1,0.995,0.92023,0.31512,0.37997,0.29022,0.82642,6.61799e-05,6.61799e-05,6.61799e-05
196,264.48,0.2752,0.51442,0.68011,0.81771,0.99682,1,0.995,0.95532,0.99682,1,0.995,0.92023,0.31512,0.37997,0.29022,0.82642,5.79283e-05,5.79283e-05,5.79283e-05
197,265.758,0.29227,0.52114,0.67614,0.84293,0.99684,1,0.995,0.95768,0.99684,1,0.995,0.92541,0.31086,0.37985,0.28976,0.82497,4.96766e-05,4.96766e-05,4.96766e-05
198,267.026,0.30158,0.50819,0.67881,0.81699,0.99684,1,0.995,0.95768,0.99684,1,0.995,0.92541,0.31086,0.37985,0.28976,0.82497,4.1425e-05,4.1425e-05,4.1425e-05
199,268.303,0.29279,0.50336,0.70001,0.80847,0.99678,1,0.995,0.95769,0.99678,1,0.995,0.92357,0.30699,0.38004,0.29346,0.82393,3.31733e-05,3.31733e-05,3.31733e-05
200,269.575,0.26657,0.48111,0.66917,0.83926,0.99678,1,0.995,0.95769,0.99678,1,0.995,0.92357,0.30699,0.38004,0.29346,0.82393,2.49217e-05,2.49217e-05,2.49217e-05
